{"custom_metrics": {}, "episode_media": {}, "info": {"learner": {"default_policy": {"learner_stats": {"allreduce_latency": 0.0, "grad_gnorm": 0.17484752313904864, "cur_kl_coeff": 0.20000000000000004, "cur_lr": 5.0000000000000016e-05, "total_loss": 0.024666488418976465, "policy_loss": -0.004586657601338561, "vf_loss": 0.029141713636685166, "vf_explained_var": -0.6643993102735088, "kl": 0.0005571678571473496, "entropy": 1.3857423870794234, "entropy_coeff": 0.0}, "model": {}, "custom_metrics": {}, "num_agent_steps_trained": 128.0, "num_grad_updates_lifetime": 465.5, "diff_num_grad_updates_vs_sampler_policy": 464.5}}, "num_env_steps_sampled": 4000, "num_env_steps_trained": 4000, "num_agent_steps_sampled": 4000, "num_agent_steps_trained": 4000}, "sampler_results": {"episode_reward_max": 1.0, "episode_reward_min": 0.0, "episode_reward_mean": 0.019748653500897665, "episode_len_mean": 7.165170556552963, "episode_media": {}, "episodes_this_iter": 557, "policy_reward_min": {}, "policy_reward_max": {}, "policy_reward_mean": {}, "custom_metrics": {}, "hist_stats": {"episode_reward": [0.0, 0.0, 0.0, 0.0, 0.0, 0.0, 0.0, 0.0, 0.0, 0.0, 0.0, 0.0, 0.0, 0.0, 0.0, 0.0, 0.0, 0.0, 0.0, 0.0, 0.0, 0.0, 0.0, 0.0, 0.0, 0.0, 0.0, 0.0, 0.0, 0.0, 0.0, 0.0, 0.0, 0.0, 0.0, 1.0, 0.0, 0.0, 0.0, 0.0, 0.0, 0.0, 0.0, 0.0, 0.0, 0.0, 0.0, 0.0, 0.0, 0.0, 0.0, 0.0, 0.0, 0.0, 0.0, 0.0, 0.0, 0.0, 0.0, 0.0, 0.0, 0.0, 0.0, 0.0, 0.0, 0.0, 0.0, 0.0, 0.0, 0.0, 0.0, 0.0, 0.0, 0.0, 0.0, 1.0, 0.0, 0.0, 0.0, 0.0, 0.0, 0.0, 1.0, 0.0, 0.0, 0.0, 0.0, 0.0, 0.0, 0.0, 0.0, 0.0, 0.0, 0.0, 0.0, 0.0, 0.0, 0.0, 0.0, 0.0, 0.0, 0.0, 0.0, 0.0, 0.0, 0.0, 0.0, 0.0, 0.0, 0.0, 0.0, 0.0, 0.0, 0.0, 0.0, 0.0, 0.0, 0.0, 0.0, 0.0, 0.0, 0.0, 0.0, 0.0, 0.0, 0.0, 0.0, 0.0, 0.0, 0.0, 0.0, 0.0, 0.0, 0.0, 0.0, 0.0, 0.0, 0.0, 0.0, 0.0, 0.0, 0.0, 0.0, 0.0, 0.0, 0.0, 0.0, 0.0, 0.0, 0.0, 0.0, 0.0, 0.0, 0.0, 0.0, 0.0, 0.0, 0.0, 0.0, 0.0, 0.0, 0.0, 0.0, 0.0, 0.0, 0.0, 0.0, 0.0, 0.0, 0.0, 0.0, 0.0, 0.0, 0.0, 0.0, 0.0, 0.0, 0.0, 0.0, 0.0, 0.0, 0.0, 0.0, 0.0, 0.0, 0.0, 0.0, 0.0, 0.0, 0.0, 0.0, 0.0, 0.0, 0.0, 0.0, 0.0, 0.0, 0.0, 0.0, 0.0, 0.0, 0.0, 0.0, 0.0, 0.0, 0.0, 0.0, 0.0, 0.0, 0.0, 0.0, 0.0, 0.0, 0.0, 0.0, 0.0, 0.0, 0.0, 0.0, 0.0, 0.0, 0.0, 0.0, 0.0, 0.0, 0.0, 0.0, 0.0, 0.0, 1.0, 0.0, 0.0, 0.0, 0.0, 0.0, 0.0, 0.0, 0.0, 0.0, 0.0, 0.0, 0.0, 0.0, 0.0, 0.0, 0.0, 0.0, 0.0, 0.0, 0.0, 0.0, 0.0, 0.0, 0.0, 0.0, 0.0, 0.0, 0.0, 1.0, 0.0, 0.0, 0.0, 0.0, 0.0, 0.0, 0.0, 0.0, 0.0, 0.0, 0.0, 0.0, 0.0, 0.0, 0.0, 0.0, 0.0, 0.0, 0.0, 0.0, 0.0, 1.0, 0.0, 0.0, 0.0, 0.0, 0.0, 1.0, 0.0, 0.0, 0.0, 0.0, 0.0, 0.0, 0.0, 0.0, 0.0, 0.0, 0.0, 0.0, 0.0, 0.0, 0.0, 0.0, 0.0, 1.0, 0.0, 0.0, 0.0, 0.0, 0.0, 0.0, 0.0, 0.0, 0.0, 0.0, 0.0, 0.0, 0.0, 0.0, 0.0, 0.0, 0.0, 0.0, 0.0, 0.0, 0.0, 0.0, 0.0, 0.0, 0.0, 0.0, 0.0, 0.0, 0.0, 0.0, 1.0, 0.0, 0.0, 0.0, 0.0, 0.0, 0.0, 0.0, 0.0, 0.0, 0.0, 0.0, 0.0, 0.0, 0.0, 0.0, 0.0, 0.0, 0.0, 0.0, 0.0, 0.0, 0.0, 1.0, 0.0, 0.0, 0.0, 0.0, 0.0, 0.0, 0.0, 0.0, 0.0, 0.0, 0.0, 0.0, 0.0, 0.0, 0.0, 0.0, 0.0, 0.0, 0.0, 0.0, 0.0, 0.0, 0.0, 0.0, 0.0, 0.0, 0.0, 0.0, 0.0, 0.0, 0.0, 0.0, 0.0, 0.0, 0.0, 0.0, 0.0, 0.0, 0.0, 0.0, 0.0, 0.0, 0.0, 0.0, 0.0, 0.0, 0.0, 0.0, 0.0, 0.0, 0.0, 0.0, 0.0, 0.0, 0.0, 0.0, 0.0, 0.0, 0.0, 0.0, 0.0, 0.0, 0.0, 0.0, 0.0, 0.0, 0.0, 0.0, 0.0, 0.0, 0.0, 0.0, 0.0, 0.0, 0.0, 0.0, 0.0, 0.0, 0.0, 0.0, 0.0, 0.0, 0.0, 0.0, 0.0, 0.0, 0.0, 0.0, 0.0, 0.0, 0.0, 0.0, 0.0, 0.0, 0.0, 0.0, 0.0, 0.0, 0.0, 0.0, 0.0, 0.0, 0.0, 0.0, 0.0, 0.0, 0.0, 0.0, 0.0, 0.0, 0.0, 0.0, 0.0, 0.0, 0.0, 0.0, 0.0, 0.0, 0.0, 0.0, 0.0, 0.0, 0.0, 0.0, 0.0, 0.0, 0.0, 0.0, 0.0, 0.0, 0.0, 0.0, 0.0, 0.0, 0.0, 0.0, 0.0, 0.0, 0.0, 0.0, 0.0, 0.0, 0.0, 0.0, 0.0, 0.0, 0.0, 0.0, 0.0, 0.0, 0.0, 0.0, 0.0, 0.0, 0.0, 0.0, 1.0, 0.0, 0.0, 0.0, 0.0, 0.0, 0.0, 0.0, 0.0, 0.0, 0.0, 0.0, 0.0, 0.0, 0.0, 0.0, 0.0, 0.0, 0.0, 0.0, 0.0, 0.0, 0.0, 0.0, 0.0, 0.0, 0.0, 0.0, 0.0, 0.0, 0.0, 0.0, 0.0, 0.0, 0.0, 0.0, 0.0, 0.0, 0.0, 0.0, 0.0, 0.0], "episode_lengths": [5, 8, 2, 6, 3, 20, 9, 19, 2, 11, 4, 5, 3, 3, 24, 5, 2, 4, 2, 2, 3, 7, 5, 5, 2, 7, 7, 18, 3, 6, 2, 7, 6, 5, 4, 9, 7, 20, 3, 2, 9, 6, 3, 12, 2, 2, 8, 7, 3, 6, 13, 5, 7, 7, 4, 15, 5, 14, 7, 6, 5, 2, 6, 3, 11, 10, 8, 4, 2, 4, 3, 6, 9, 15, 3, 16, 5, 9, 4, 4, 2, 10, 13, 4, 3, 5, 6, 11, 2, 3, 5, 4, 6, 6, 5, 3, 2, 13, 13, 5, 5, 7, 5, 13, 4, 10, 3, 4, 3, 4, 11, 9, 7, 12, 5, 3, 13, 7, 3, 2, 4, 15, 9, 4, 6, 9, 9, 14, 13, 15, 7, 7, 2, 17, 4, 21, 9, 8, 7, 3, 22, 2, 3, 2, 9, 8, 9, 6, 4, 23, 4, 13, 5, 6, 3, 2, 4, 3, 10, 3, 2, 8, 9, 20, 22, 2, 2, 9, 2, 7, 8, 5, 2, 3, 10, 4, 7, 4, 9, 6, 6, 3, 6, 11, 4, 12, 5, 8, 6, 19, 2, 5, 11, 8, 19, 12, 4, 11, 18, 2, 11, 2, 14, 10, 18, 4, 10, 2, 5, 5, 3, 10, 4, 8, 2, 3, 4, 5, 6, 6, 6, 6, 3, 11, 4, 4, 19, 2, 2, 13, 3, 6, 2, 5, 5, 8, 6, 17, 3, 10, 3, 20, 2, 6, 3, 7, 11, 3, 12, 4, 5, 2, 3, 6, 6, 8, 4, 2, 7, 6, 17, 6, 4, 10, 9, 5, 3, 2, 7, 6, 2, 5, 11, 10, 9, 10, 2, 7, 13, 9, 12, 4, 2, 14, 5, 3, 9, 12, 9, 12, 3, 19, 12, 2, 8, 7, 3, 7, 2, 6, 2, 3, 7, 4, 23, 2, 5, 2, 2, 7, 5, 2, 10, 2, 2, 10, 5, 5, 7, 15, 3, 3, 10, 9, 6, 7, 5, 2, 17, 5, 5, 6, 4, 2, 5, 9, 7, 3, 3, 8, 5, 9, 5, 4, 4, 7, 12, 7, 6, 17, 7, 8, 4, 3, 2, 11, 2, 7, 17, 10, 18, 11, 4, 11, 3, 5, 6, 12, 6, 4, 9, 2, 8, 14, 8, 5, 4, 10, 5, 7, 2, 24, 4, 5, 6, 5, 4, 6, 4, 16, 3, 5, 6, 2, 17, 3, 8, 16, 3, 7, 2, 11, 11, 11, 4, 10, 3, 3, 7, 13, 19, 4, 2, 7, 9, 10, 2, 2, 8, 17, 12, 2, 5, 3, 7, 3, 15, 10, 4, 15, 5, 4, 17, 4, 6, 5, 13, 6, 13, 3, 12, 3, 18, 4, 3, 5, 31, 15, 11, 16, 6, 4, 10, 4, 11, 3, 6, 12, 6, 11, 13, 7, 8, 6, 9, 8, 2, 3, 15, 7, 14, 8, 3, 2, 6, 9, 2, 4, 12, 3, 15, 5, 10, 2, 8, 14, 8, 8, 11, 15, 6, 9, 2, 2, 2, 8, 9, 10, 9, 6, 27, 7, 3, 26, 9, 6, 6, 3, 2, 7, 2, 15, 5, 5, 12, 13, 2, 5, 10, 5, 6, 18, 3, 5, 6, 15, 5, 3, 4, 2, 5, 11, 3, 10, 7, 5, 3, 5, 6, 8, 8, 5, 4, 11, 11, 5, 4, 2, 5, 11, 3, 2, 12, 3, 6, 5, 2]}, "sampler_perf": {"mean_raw_obs_processing_ms": 0.13247046260265086, "mean_inference_ms": 0.24120774725786054, "mean_action_processing_ms": 0.035265200645116956, "mean_env_wait_ms": 0.015286378220747595, "mean_env_render_ms": 0.0}, "num_faulty_episodes": 0, "connector_metrics": {"ObsPreprocessorConnector_ms": 0.003980534437671527, "StateBufferConnector_ms": 0.002565268340187826, "ViewRequirementAgentConnector_ms": 0.03257343542212002}}, "episode_reward_max": 1.0, "episode_reward_min": 0.0, "episode_reward_mean": 0.019748653500897665, "episode_len_mean": 7.165170556552963, "episodes_this_iter": 557, "policy_reward_min": {}, "policy_reward_max": {}, "policy_reward_mean": {},