{"custom_metrics": {}, "episode_media": {}, "info": {"learner": {"default_policy": {"learner_stats": {"allreduce_latency": 0.0, "grad_gnorm": 1.5017013987546326, "cur_kl_coeff": 0.20000000000000004, "cur_lr": 5.0000000000000016e-05, "total_loss": 8.778945501389043, "policy_loss": -0.04305480400460862, "vf_loss": 8.816481034986435, "vf_explained_var": 0.010064061739111459, "kl": 0.02759644887042581, "entropy": 0.6666016322951163, "entropy_coeff": 0.0}, "model": {}, "custom_metrics": {}, "num_agent_steps_trained": 128.0, "num_grad_updates_lifetime": 465.5, "diff_num_grad_updates_vs_sampler_policy": 464.5}}, "num_env_steps_sampled": 4000, "num_env_steps_trained": 4000, "num_agent_steps_sampled": 4000, "num_agent_steps_trained": 4000}, "sampler_results": {"episode_reward_max": 91.0, "episode_reward_min": 8.0, "episode_reward_mean": 21.22340425531915, "episode_len_mean": 21.22340425531915, "episode_media": {}, "episodes_this_iter": 188, "policy_reward_min": {}, "policy_reward_max": {}, "policy_reward_mean": {}, "custom_metrics": {}, "hist_stats": {"episode_reward": [64.0, 18.0, 15.0, 17.0, 11.0, 11.0, 11.0, 17.0, 20.0, 26.0, 19.0, 13.0, 25.0, 13.0, 13.0, 17.0, 20.0, 13.0, 14.0, 27.0, 26.0, 16.0, 20.0, 9.0, 13.0, 17.0, 12.0, 17.0, 11.0, 13.0, 22.0, 12.0, 14.0, 20.0, 24.0, 19.0, 11.0, 28.0, 16.0, 20.0, 13.0, 14.0, 29.0, 14.0, 19.0, 9.0, 14.0, 11.0, 17.0, 11.0, 31.0, 37.0, 18.0, 20.0, 20.0, 16.0, 14.0, 13.0, 42.0, 34.0, 9.0, 9.0, 15.0, 23.0, 16.0, 13.0, 8.0, 24.0, 10.0, 24.0, 21.0, 13.0, 20.0, 14.0, 10.0, 34.0, 34.0, 27.0, 14.0, 21.0, 19.0, 15.0, 17.0, 8.0, 22.0, 9.0, 24.0, 23.0, 18.0, 56.0, 12.0, 20.0, 23.0, 17.0, 13.0, 15.0, 33.0, 18.0, 16.0, 91.0, 12.0, 28.0, 20.0, 11.0, 15.0, 17.0, 31.0, 33.0, 19.0, 15.0, 23.0, 19.0, 13.0, 16.0, 26.0, 24.0, 25.0, 12.0, 19.0, 10.0, 41.0, 18.0, 20.0, 29.0, 23.0, 26.0, 21.0, 32.0, 37.0, 19.0, 31.0, 19.0, 12.0, 61.0, 42.0, 15.0, 19.0, 15.0, 22.0, 41.0, 23.0, 14.0, 25.0, 18.0, 31.0, 47.0, 19.0, 45.0, 27.0, 21.0, 9.0, 16.0, 22.0, 49.0, 18.0, 16.0, 60.0, 12.0, 17.0, 15.0, 23.0, 30.0, 13.0, 18.0, 14.0, 21.0, 13.0, 11.0, 18.0, 13.0, 35.0, 25.0, 13.0, 60.0, 20.0, 23.0, 12.0, 17.0, 30.0, 12.0, 13.0, 29.0, 14.0, 17.0, 32.0, 14.0, 48.0, 19.0], "episode_lengths": [64, 18, 15, 17, 11, 11, 11, 17, 20, 26, 19, 13, 25, 13, 13, 17, 20, 13, 14, 27, 26, 16, 20, 9, 13, 17, 12, 17, 11, 13, 22, 12, 14, 20, 24, 19, 11, 28, 16, 20, 13, 14, 29, 14, 19, 9, 14, 11, 17, 11, 31, 37, 18, 20, 20, 16, 14, 13, 42, 34, 9, 9, 15, 23, 16, 13, 8, 24, 10, 24, 21, 13, 20, 14, 10, 34, 34, 27, 14, 21, 19, 15, 17, 8, 22, 9, 24, 23, 18, 56, 12, 20, 23, 17, 13, 15, 33, 18, 16, 91, 12, 28, 20, 11, 15, 17, 31, 33, 19, 15, 23, 19, 13, 16, 26, 24, 25, 12, 19, 10, 41, 18, 20, 29, 23, 26, 21, 32, 37, 19, 31, 19, 12, 61, 42, 15, 19, 15, 22, 41, 23, 14, 25, 18, 31, 47, 19, 45, 27, 21, 9, 16, 22, 49, 18, 16, 60, 12, 17, 15, 23, 30, 13, 18, 14, 21, 13, 11, 18, 13, 35, 25, 13, 60, 20, 23, 12, 17, 30, 12, 13, 29, 14, 17, 32, 14, 48, 19]}, "sampler_perf": {"mean_raw_obs_processing_ms": 0.09690907799402078, "mean_inference_ms": 0.2535052729737487, "mean_action_processing_ms": 0.032840267296762246, "mean_env_wait_ms": 0.013396192329938756, "mean_env_render_ms": 0.0}, "num_faulty_episodes": 0, "connector_metrics": {"ObsPreprocessorConnector_ms": 0.001536531651273687, "StateBufferConnector_ms": 0.001290884423763194, "ViewRequirementAgentConnector_ms": 0.028379927290246843}}, "episode_reward_max": 91.0, "episode_reward_min": 8.0, "episode_reward_mean": 21.22340425531915, "episode_len_mean": 21.22340425531915, "episodes_this_iter": 188, "policy_reward_min": {}, "policy_reward_max": {}, "policy_reward_mean": {}, "hist_stats": {"episode_reward": [64.0, 18.0, 15.0, 17.0, 11.0, 11.0, 11.0, 17.0, 20.0, 26.0, 19.0, 13.0, 25.0, 13.0, 13.0, 17.0, 20.0, 13.0, 14.0, 27.0, 26.0, 16.0, 20.0, 9.0, 13.0, 17.0, 12.0, 17.0, 11.0, 13.0, 22.0, 12.0, 14.0, 20.0, 24.0, 19.0, 11.0, 28.0, 16.0, 20.0, 13.0, 14.0, 29.0, 14.0, 19.0, 9.0, 14.0, 11.0, 17.0, 11.0, 31.0, 37.0, 18.0, 20.0, 20.0, 16.0, 14.0, 13.0, 42.0, 34.0, 9.0, 9.0, 15.0, 23.0, 16.0, 13.0, 8.0, 24.0, 10.0, 24.0, 21.0, 13.0, 20.0, 14.0, 10.0, 34.0, 34.0, 27.0, 14.0, 21.0, 19.0, 15.0, 17.0, 8.0, 22.0, 9.0, 24.0, 23.0, 18.0, 56.0, 12.0, 20.0, 23.0, 17.0, 13.0, 15.0, 33.0, 18.0, 16.0, 91.0, 12.0, 28.0, 20.0, 11.0, 15.0, 17.0, 31.0, 33.0, 19.0, 15.0, 23.0, 19.0, 13.0, 16.0, 26.0, 24.0, 25.0, 12.0, 19.0, 10.0, 41.0, 18.0, 20.0, 29.0, 23.0, 26.0, 21.0, 32.0, 37.0, 19.0, 31.0, 19.0, 12.0, 61.0, 42.0, 15.0, 19.0, 15.0, 22.0, 41.0, 23.0, 14.0, 25.0, 18.0, 31.0, 47.0, 19.0, 45.0, 27.0, 21.0, 9.0, 16.0, 22.0, 49.0, 18.0, 16.0, 60.0, 12.0, 17.0, 15.0, 23.0, 30.0, 13.0, 18.0, 14.0, 21.0, 13.0, 11.0, 18.0, 13.0, 35.0, 25.0, 13.0, 60.0, 20.0, 23.0, 12.0, 17.0, 30.0, 12.0, 13.0, 29.0, 14.0, 17.0, 32.0, 14.0, 48.0, 19.0], "episode_lengths": [64, 18, 15, 17, 11, 11, 11, 17, 20, 26, 19, 13, 25, 13, 13, 17, 20, 13, 14, 27, 26, 16, 20, 9, 13, 17, 12, 17, 11, 13, 22, 12, 14, 20, 24, 19, 11, 28, 16, 20, 13, 14, 29, 14, 19, 9, 14, 11, 17, 11, 31, 37, 18, 20, 20, 16, 14, 13, 42, 34, 9, 9, 15, 23, 16, 13, 8, 24, 10, 24, 21, 13, 20, 14, 10, 34, 34, 27, 14, 21, 19, 15, 17, 8, 22, 9, 24, 23, 18, 56, 12, 20, 23, 17, 13, 15, 33, 18, 16, 91, 12, 28, 20, 11, 15, 17, 31, 33, 19, 15, 23, 19, 13, 16, 26, 24, 25, 12, 19, 10, 41, 18, 20, 29, 23, 26, 21, 32, 37, 19, 31, 19, 12, 61, 42, 15, 19, 15, 22, 41, 23, 14, 25, 18, 31, 47, 19, 45, 27, 21, 9, 16, 22, 49, 18, 16, 60, 12, 17, 15, 23, 30, 13, 18, 14, 21, 13, 11, 18, 13, 35, 25, 13, 60, 20, 23, 12, 17, 30, 12, 13, 29, 14, 17, 32, 14, 48, 19]}, "sampler_perf": {"mean_raw_obs_processing_ms": 0.09690907799402078, "mean_inference_ms": 0.2535052729737487, "mean_action_processing_ms": 0.032840267296762246, "mean_env_wait_ms": 0.013396192329938756, "mean_env_render_ms": 0.0}, "num_faulty_episodes": 0, "connector_metrics": {"ObsPreprocessorConnector_ms": 0.001536531651273687, "StateBufferConnector_ms": 0.001290884423763194, "ViewRequirementAgentConnector_ms": 0.028379927290246843}, "num_healthy_workers": 1, "num_in_flight_async_reqs": 0, "num_remote_worker_restarts": 0, "num_agent_steps_sampled": 4000, "num_agent_steps_trained": 4000, "num_env_steps_sampled": 4000, "num_env_steps_trained": 4000, "num_env_steps_sampled_this_iter": 4000, "num_env_steps_trained_this_iter": 4000, "num_env_steps_sampled_throughput_per_sec": 1114.5383501019028, "num_env_steps_trained_throughput_per_sec": 1114.5383501019028, "timesteps_total": 4000, "num_steps_trained_this_iter": 4000, "agent_timesteps_total": 4000, "timers": {"training_iteration_time_ms": 3588.916, "sample_time_ms": 1603.121, "load_time_ms": 0.133, "load_throughput": 30012908.766, "learn_time_ms": 1984.473, "learn_throughput": 2015.648, "synch_weights_time_ms": 0.7}, "counters": {"num_env_steps_sampled": 4000, "num_env_steps_trained": 4000, "num_agent_steps_sampled": 4000, "num_agent_steps_trained": 4000}, "done": false, "episodes_total": 188, "training_iteration": 1, "trial_id": "default", "date": "2024-02-15_23-36-09", "timestamp": 1708036569, "time_this_iter_s": 3.5922210216522217, "time_total_s": 3.5922210216522217, "pid": 5563, "hostname": "TakayaMacAir.chello.hu", "node_ip": "127.0.0.1", "config": {"extra_python_environs_for_driver": {}, "extra_python_environs_for_worker": {}, "num_gpus": 0, "num_cpus_per_worker": 1, "num_gpus_per_worker": 0, "_fake_gpus": false, "num_learner_workers": 0, "num_gpus_per_learner_worker": 0, "num_cpus_per_learner_worker": 1, "local_gpu_idx": 0, "custom_resources_per_worker": {}, "placement_strategy": "PACK", "eager_tracing": true, "eager_max_retraces": 20, "tf_session_args": {"intra_op_parallelism_threads": 2, "inter_op_parallelism_threads": 2, "gpu_options": {"allow_growth": true}, "log_device_placement": false, "device_count": {"CPU": 1}, "allow_soft_placement": true}, "local_tf_session_args": {"intra_op_parallelism_threads": 8, "inter_op_parallelism_threads": 8}, "torch_compile_learner": false, "torch_compile_learner_what_to_compile": "forward_train",